marka,adet,link
Acura,3,https://www.arabam.com/ikinci-el/otomobil/acura
Aion,1,https://www.arabam.com/ikinci-el/otomobil/aion
Alfa Romeo,314,https://www.arabam.com/ikinci-el/otomobil/alfa-romeo
Anadol,10,https://www.arabam.com/ikinci-el/otomobil/anadol
Aston Martin,10,https://www.arabam.com/ikinci-el/otomobil/aston-martin
Audi,3553,https://www.arabam.com/ikinci-el/otomobil/audi
Bentley,19,https://www.arabam.com/ikinci-el/otomobil/bentley
BMW,5793,https://www.arabam.com/ikinci-el/otomobil/bmw
Buick,1,https://www.arabam.com/ikinci-el/otomobil/buick
BYD,8,https://www.arabam.com/ikinci-el/otomobil/byd
Cadillac,5,https://www.arabam.com/ikinci-el/otomobil/cadillac
Chery,55,https://www.arabam.com/ikinci-el/otomobil/chery
Chevrolet,1979,https://www.arabam.com/ikinci-el/otomobil/chevrolet
Chrysler,75,https://www.arabam.com/ikinci-el/otomobil/chrysler
Citroen,3946,https://www.arabam.com/ikinci-el/otomobil/citroen
Cupra,41,https://www.arabam.com/ikinci-el/otomobil/cupra
Dacia,1711,https://www.arabam.com/ikinci-el/otomobil/dacia
Daewoo,78,https://www.arabam.com/ikinci-el/otomobil/daewoo
Daihatsu,57,https://www.arabam.com/ikinci-el/otomobil/daihatsu
Dodge,8,https://www.arabam.com/ikinci-el/otomobil/dodge
DS Automobiles,82,https://www.arabam.com/ikinci-el/otomobil/ds-automobiles
Ferrari,19,https://www.arabam.com/ikinci-el/otomobil/ferrari
Fiat,15551,https://www.arabam.com/ikinci-el/otomobil/fiat
Ford,10033,https://www.arabam.com/ikinci-el/otomobil/ford
Geely,120,https://www.arabam.com/ikinci-el/otomobil/geely
Honda,4306,https://www.arabam.com/ikinci-el/otomobil/honda
Hyundai,7870,https://www.arabam.com/ikinci-el/otomobil/hyundai
Ikco,7,https://www.arabam.com/ikinci-el/otomobil/ikco
Infiniti,12,https://www.arabam.com/ikinci-el/otomobil/infiniti
Isuzu,1,https://www.arabam.com/ikinci-el/otomobil/isuzu
Jaguar,101,https://www.arabam.com/ikinci-el/otomobil/jaguar
Joyce,2,https://www.arabam.com/ikinci-el/otomobil/joyce
Kia,1344,https://www.arabam.com/ikinci-el/otomobil/kia
Kuba,1,https://www.arabam.com/ikinci-el/otomobil/kuba
Lada,539,https://www.arabam.com/ikinci-el/otomobil/lada
Lamborghini,4,https://www.arabam.com/ikinci-el/otomobil/lamborghini
Lancia,52,https://www.arabam.com/ikinci-el/otomobil/lancia
Leapmotor,1,https://www.arabam.com/ikinci-el/otomobil/leapmotor
Lexus,16,https://www.arabam.com/ikinci-el/otomobil/lexus
Lincoln,1,https://www.arabam.com/ikinci-el/otomobil/lincoln
Lotus,2,https://www.arabam.com/ikinci-el/otomobil/lotus
Maserati,34,https://www.arabam.com/ikinci-el/otomobil/maserati
Mazda,548,https://www.arabam.com/ikinci-el/otomobil/mazda
Mercedes - Benz,5248,https://www.arabam.com/ikinci-el/otomobil/mercedes-benz
Mercury,2,https://www.arabam.com/ikinci-el/otomobil/mercury
MG,19,https://www.arabam.com/ikinci-el/otomobil/mg
MINI,240,https://www.arabam.com/ikinci-el/otomobil/mini
Mitsubishi,379,https://www.arabam.com/ikinci-el/otomobil/mitsubishi
Nieve,3,https://www.arabam.com/ikinci-el/otomobil/nieve
Nissan,1013,https://www.arabam.com/ikinci-el/otomobil/nissan
Opel,13026,https://www.arabam.com/ikinci-el/otomobil/opel
Peugeot,6203,https://www.arabam.com/ikinci-el/otomobil/peugeot
Pontiac,2,https://www.arabam.com/ikinci-el/otomobil/pontiac
Porsche,179,https://www.arabam.com/ikinci-el/otomobil/porsche
Proton,89,https://www.arabam.com/ikinci-el/otomobil/proton
Regal Raptor,4,https://www.arabam.com/ikinci-el/otomobil/regal-raptor
Renault,22953,https://www.arabam.com/ikinci-el/otomobil/renault
RKS,5,https://www.arabam.com/ikinci-el/otomobil/rks
Rolls-Royce,12,https://www.arabam.com/ikinci-el/otomobil/rolls-royce
Rover,95,https://www.arabam.com/ikinci-el/otomobil/rover
Saab,15,https://www.arabam.com/ikinci-el/otomobil/saab
Seat,2569,https://www.arabam.com/ikinci-el/otomobil/seat
Skoda,3566,https://www.arabam.com/ikinci-el/otomobil/skoda
Smart,22,https://www.arabam.com/ikinci-el/otomobil/smart
Subaru,73,https://www.arabam.com/ikinci-el/otomobil/subaru
Suzuki,320,https://www.arabam.com/ikinci-el/otomobil/suzuki
Tata,141,https://www.arabam.com/ikinci-el/otomobil/tata
Tesla,185,https://www.arabam.com/ikinci-el/otomobil/tesla
The London Taxi,2,https://www.arabam.com/ikinci-el/otomobil/the-london-taxi
Tofa≈ü,4310,https://www.arabam.com/ikinci-el/otomobil/tofas
Toyota,6488,https://www.arabam.com/ikinci-el/otomobil/toyota
Volkswagen,15381,https://www.arabam.com/ikinci-el/otomobil/volkswagen
Volta,8,https://www.arabam.com/ikinci-el/otomobil/volta
Volvo,966,https://www.arabam.com/ikinci-el/otomobil/volvo
XEV,2,https://www.arabam.com/ikinci-el/otomobil/xev
Yuki,4,https://www.arabam.com/ikinci-el/otomobil/yuki
